{
  "train_loss": [
    0.2784384792515387,
    0.13982955874719968,
    0.13202147354604676,
    0.12524365885959318,
    0.12123596016317606,
    0.11589954601367936,
    0.11243133677635342,
    0.1113730864211296,
    0.10694985078104462,
    0.10584120019727077,
    0.10343400151274788,
    0.09899133779496576,
    0.09812769495571654,
    0.0955431125476025,
    0.0964834297192283,
    0.09394565381808206
  ],
  "val_loss": [
    0.1448401321346561,
    0.13109190436080098,
    0.12433257109175126,
    0.1175606429266433,
    0.11186918367942174,
    0.10859287747492392,
    0.10474581737071276,
    0.10154535916323464,
    0.09874741896055639,
    0.09569885899933676,
    0.09379956653962533,
    0.091965473179395,
    0.09091269170554976,
    0.08888768435766299,
    0.08828295402539273,
    0.08665887755341828
  ],
  "val_auroc": [
    NaN,
    NaN,
    NaN,
    NaN,
    NaN,
    NaN,
    NaN,
    NaN,
    NaN,
    NaN,
    NaN,
    NaN,
    NaN,
    NaN,
    NaN,
    NaN
  ],
  "learning_rate": [
    2.9999999999999997e-05,
    2.9970499590002657e-05,
    2.9882114784651442e-05,
    2.9735194398393896e-05,
    2.9530318258873032e-05,
    2.9268294918612543e-05,
    2.8950158464029356e-05,
    2.857716443436699e-05,
    2.8150784866655758e-05,
    2.7672702486255122e-05,
    2.714480406590546e-05,
    2.6569172979498048e-05,
    2.59480809799501e-05,
    2.5283979233633896e-05,
    2.457948864674291e-05,
    2.3837389521772475e-05
  ]
}