{
  "train_loss": [
    0.2964410836575553,
    0.1437599005488058,
    0.13475156920806816,
    0.12907707047027847,
    0.1240724294135968,
    0.11853631649864838,
    0.11547317757504061,
    0.11083391821011901,
    0.10841227885490905,
    0.10713171613557886,
    0.10430093839143713,
    0.10141699778614566,
    0.09990398479082312,
    0.0974759409436956,
    0.09738895071980853,
    0.09518926483967032
  ],
  "val_loss": [
    0.14207670961817107,
    0.1264353577668468,
    0.1183645057802399,
    0.11434032674878836,
    0.10815035148213308,
    0.10323586982364456,
    0.09952691026652853,
    0.09755947270120184,
    0.09557399262363712,
    0.0935093496615688,
    0.09182326914742589,
    0.09062401112169027,
    0.08733247142905991,
    0.08672591609259446,
    0.0842737367687126,
    0.08377532986924052
  ],
  "val_auroc": [
    NaN,
    NaN,
    NaN,
    NaN,
    NaN,
    NaN,
    NaN,
    NaN,
    NaN,
    NaN,
    NaN,
    NaN,
    NaN,
    NaN,
    NaN,
    NaN
  ],
  "learning_rate": [
    2.9999999999999997e-05,
    2.9970499590002657e-05,
    2.9882114784651442e-05,
    2.9735194398393896e-05,
    2.9530318258873032e-05,
    2.9268294918612543e-05,
    2.8950158464029356e-05,
    2.857716443436699e-05,
    2.8150784866655758e-05,
    2.7672702486255122e-05,
    2.714480406590546e-05,
    2.6569172979498048e-05,
    2.59480809799501e-05,
    2.5283979233633896e-05,
    2.457948864674291e-05,
    2.3837389521772475e-05
  ]
}