{
  "train_loss": [
    0.34590165635260445,
    0.15262349209903428,
    0.13275104388594627,
    0.1254269901352624,
    0.12011053948663175,
    0.11482138733845204,
    0.11201242052872355,
    0.10783492971677333,
    0.10577303045041238,
    0.10285715463881691,
    0.10199589784800385,
    0.09831587446387857,
    0.09668215403022866,
    0.09506955945592684,
    0.09377382746121536,
    0.09218852736133461
  ],
  "val_loss": [
    0.20532760955393314,
    0.14955774415284395,
    0.13691620451087752,
    0.12568668400247893,
    0.11780384912466009,
    0.11143866615990798,
    0.10674812303235133,
    0.10397231097643574,
    0.10072279092855752,
    0.09819288528524339,
    0.09534524249223371,
    0.09405604051426053,
    0.09162693462955455,
    0.08895421214401722,
    0.08835489496899147,
    0.08678467703672747
  ],
  "val_auroc": [
    NaN,
    NaN,
    NaN,
    NaN,
    NaN,
    NaN,
    NaN,
    NaN,
    NaN,
    NaN,
    NaN,
    NaN,
    NaN,
    NaN,
    NaN,
    NaN
  ],
  "learning_rate": [
    2.9999999999999997e-05,
    2.9970499590002657e-05,
    2.9882114784651442e-05,
    2.9735194398393896e-05,
    2.9530318258873032e-05,
    2.9268294918612543e-05,
    2.8950158464029356e-05,
    2.857716443436699e-05,
    2.8150784866655758e-05,
    2.7672702486255122e-05,
    2.714480406590546e-05,
    2.6569172979498048e-05,
    2.59480809799501e-05,
    2.5283979233633896e-05,
    2.457948864674291e-05,
    2.3837389521772475e-05
  ]
}