{
  "train_loss": [
    0.2750295562436804,
    0.14032151503488421,
    0.13180032391877225,
    0.12650617563243335,
    0.11985142829750355,
    0.11476166049639384,
    0.11339049241117512,
    0.10718898566362138,
    0.10629219243613382,
    0.10444755997741595,
    0.10176870892367636,
    0.09985830256482586,
    0.09898218182691683,
    0.09557327727088705,
    0.09353928451309912,
    0.09303105624470238
  ],
  "val_loss": [
    0.14113581522057453,
    0.1240806261387964,
    0.11632498167455196,
    0.11004004068672657,
    0.10547027395417292,
    0.10061232078199585,
    0.09719784162007272,
    0.09488188126124442,
    0.09218401027222474,
    0.09006487143536408,
    0.08782673138193786,
    0.08604898396879435,
    0.08509470398227374,
    0.082904112059623,
    0.08253622357733548,
    0.08074774833706518
  ],
  "val_auroc": [
    NaN,
    NaN,
    NaN,
    NaN,
    NaN,
    NaN,
    NaN,
    NaN,
    NaN,
    NaN,
    NaN,
    NaN,
    NaN,
    NaN,
    NaN,
    NaN
  ],
  "learning_rate": [
    2.9999999999999997e-05,
    2.9970499590002657e-05,
    2.9882114784651442e-05,
    2.9735194398393896e-05,
    2.9530318258873032e-05,
    2.9268294918612543e-05,
    2.8950158464029356e-05,
    2.857716443436699e-05,
    2.8150784866655758e-05,
    2.7672702486255122e-05,
    2.714480406590546e-05,
    2.6569172979498048e-05,
    2.59480809799501e-05,
    2.5283979233633896e-05,
    2.457948864674291e-05,
    2.3837389521772475e-05
  ]
}