{
  "train_loss": [
    0.3301617444182436,
    0.1528172755303482,
    0.13470694496451566,
    0.12404671744055425,
    0.11958553832179557,
    0.11551358273330455,
    0.1117079197623146,
    0.1079916844998176,
    0.1053377957820582,
    0.10353268494751926,
    0.10128524845155577,
    0.09822864407518257,
    0.0976598634927844,
    0.09396425153439243,
    0.09434938073779146,
    0.09313152344354118
  ],
  "val_loss": [
    0.1922407280653715,
    0.14539709345748028,
    0.13102532845611373,
    0.12153637936959664,
    0.11554685281589627,
    0.11104422574862838,
    0.10534543318984409,
    0.10233927324103813,
    0.10083554638549685,
    0.0959481056003521,
    0.09426949902748068,
    0.09379011842732628,
    0.09099316791010399,
    0.0905741936682413,
    0.08919494094637533,
    0.08627781760878861
  ],
  "val_auroc": [
    NaN,
    NaN,
    NaN,
    NaN,
    NaN,
    NaN,
    NaN,
    NaN,
    NaN,
    NaN,
    NaN,
    NaN,
    NaN,
    NaN,
    NaN,
    NaN
  ],
  "learning_rate": [
    2.9999999999999997e-05,
    2.9970499590002657e-05,
    2.9882114784651442e-05,
    2.9735194398393896e-05,
    2.9530318258873032e-05,
    2.9268294918612543e-05,
    2.8950158464029356e-05,
    2.857716443436699e-05,
    2.8150784866655758e-05,
    2.7672702486255122e-05,
    2.714480406590546e-05,
    2.6569172979498048e-05,
    2.59480809799501e-05,
    2.5283979233633896e-05,
    2.457948864674291e-05,
    2.3837389521772475e-05
  ]
}