{
  "train_loss": [
    0.3413919610902667,
    0.15261424864487103,
    0.13498466613236815,
    0.12670853871774548,
    0.12082538701361045,
    0.11824067249350871,
    0.11392699715603764,
    0.10979484918061644,
    0.10816396563313901,
    0.10411450550115357,
    0.10339897742960602,
    0.10000233542329322,
    0.09677262384987746,
    0.0962091257291225,
    0.09335693530738354,
    0.09398806958536927
  ],
  "val_loss": [
    0.2018927795191606,
    0.1469277935102582,
    0.12632096434632936,
    0.11799063549066584,
    0.11029355833306909,
    0.10590005929892261,
    0.09978426240074138,
    0.09575250558555126,
    0.09200787295897801,
    0.08912194791870813,
    0.0888157959561795,
    0.08505499743235607,
    0.08421315889184673,
    0.08196929337767263,
    0.08109806121016543,
    0.07957178866490722
  ],
  "val_auroc": [
    NaN,
    NaN,
    NaN,
    NaN,
    NaN,
    NaN,
    NaN,
    NaN,
    NaN,
    NaN,
    NaN,
    NaN,
    NaN,
    NaN,
    NaN,
    NaN
  ],
  "learning_rate": [
    2.9999999999999997e-05,
    2.9970499590002657e-05,
    2.9882114784651442e-05,
    2.9735194398393896e-05,
    2.9530318258873032e-05,
    2.9268294918612543e-05,
    2.8950158464029356e-05,
    2.857716443436699e-05,
    2.8150784866655758e-05,
    2.7672702486255122e-05,
    2.714480406590546e-05,
    2.6569172979498048e-05,
    2.59480809799501e-05,
    2.5283979233633896e-05,
    2.457948864674291e-05,
    2.3837389521772475e-05
  ]
}