{
  "train_loss": [
    0.29099643769829225,
    0.141341566767854,
    0.13339040288701653,
    0.1261387676349841,
    0.12075068506722648,
    0.11720978387165815,
    0.11283511264870565,
    0.10787378311700498,
    0.10757492075208575,
    0.10467258775800777,
    0.10151430430899684,
    0.09943217968490596,
    0.09560484443015109,
    0.09452438435982913,
    0.09421005984768271,
    0.09370061070270215
  ],
  "val_loss": [
    0.14814123107741275,
    0.12972677825018764,
    0.1228880228785177,
    0.11897896990800898,
    0.11229400119433801,
    0.10927420435473323,
    0.10502677674715717,
    0.10165737119192879,
    0.099253683971862,
    0.09767635849614938,
    0.09482178340355556,
    0.09272750715414683,
    0.09079178733130296,
    0.09004203975200653,
    0.08868677976230781,
    0.0879076278458039
  ],
  "val_auroc": [
    NaN,
    NaN,
    NaN,
    NaN,
    NaN,
    NaN,
    NaN,
    NaN,
    NaN,
    NaN,
    NaN,
    NaN,
    NaN,
    NaN,
    NaN,
    NaN
  ],
  "learning_rate": [
    2.9999999999999997e-05,
    2.9970499590002657e-05,
    2.9882114784651442e-05,
    2.9735194398393896e-05,
    2.9530318258873032e-05,
    2.9268294918612543e-05,
    2.8950158464029356e-05,
    2.857716443436699e-05,
    2.8150784866655758e-05,
    2.7672702486255122e-05,
    2.714480406590546e-05,
    2.6569172979498048e-05,
    2.59480809799501e-05,
    2.5283979233633896e-05,
    2.457948864674291e-05,
    2.3837389521772475e-05
  ]
}