{
  "train_loss": [
    0.26501619986568886,
    0.14085559492620328,
    0.13330927431040132,
    0.12835323923112205,
    0.12220883544068784,
    0.11789088626392186,
    0.1158798371325247,
    0.1108047107894284,
    0.10833673997937392,
    0.10702297788035746,
    0.10449414845788851,
    0.10174571167832862,
    0.10130376073842247,
    0.09669732614808406,
    0.09433767118025571,
    0.09436071986177315
  ],
  "val_loss": [
    0.1429795272027453,
    0.12702353205531836,
    0.11931751482188702,
    0.11371741397306323,
    0.1084856044811507,
    0.10391252006714542,
    0.10026833430553476,
    0.09817178174853325,
    0.09526712424121797,
    0.09235960369308789,
    0.09052943911713858,
    0.08981613675132394,
    0.08792922304322322,
    0.08685573601784806,
    0.08439492465307315,
    0.08445402149421473
  ],
  "val_auroc": [
    NaN,
    NaN,
    NaN,
    NaN,
    NaN,
    NaN,
    NaN,
    NaN,
    NaN,
    NaN,
    NaN,
    NaN,
    NaN,
    NaN,
    NaN,
    NaN
  ],
  "learning_rate": [
    2.9999999999999997e-05,
    2.9970499590002657e-05,
    2.9882114784651442e-05,
    2.9735194398393896e-05,
    2.9530318258873032e-05,
    2.9268294918612543e-05,
    2.8950158464029356e-05,
    2.857716443436699e-05,
    2.8150784866655758e-05,
    2.7672702486255122e-05,
    2.714480406590546e-05,
    2.6569172979498048e-05,
    2.59480809799501e-05,
    2.5283979233633896e-05,
    2.457948864674291e-05,
    2.3837389521772475e-05
  ]
}