{
  "train_loss": [
    0.33023098243090016,
    0.15345267563437423,
    0.13274115157158425,
    0.12622999890785044,
    0.11951766163110733,
    0.11654491408262402,
    0.113619082646134,
    0.10973562581542258,
    0.10716289743625869,
    0.10332865588134155,
    0.10129202293076862,
    0.10007014666916803,
    0.0988729473319836,
    0.09734141112615664,
    0.09523975903478761,
    0.09357263031415641
  ],
  "val_loss": [
    0.20275432926913103,
    0.14634654888262352,
    0.12470170762389898,
    0.11528533122812708,
    0.10761043444896738,
    0.10188651892046134,
    0.09733080483662586,
    0.09348996526872118,
    0.09250663476996124,
    0.08811158407479525,
    0.08762347465381026,
    0.08462410784947376,
    0.08378130740796526,
    0.08323503588326275,
    0.08089196681976318,
    0.07877411382893722
  ],
  "val_auroc": [
    NaN,
    NaN,
    NaN,
    NaN,
    NaN,
    NaN,
    NaN,
    NaN,
    NaN,
    NaN,
    NaN,
    NaN,
    NaN,
    NaN,
    NaN,
    NaN
  ],
  "learning_rate": [
    2.9999999999999997e-05,
    2.9970499590002657e-05,
    2.9882114784651442e-05,
    2.9735194398393896e-05,
    2.9530318258873032e-05,
    2.9268294918612543e-05,
    2.8950158464029356e-05,
    2.857716443436699e-05,
    2.8150784866655758e-05,
    2.7672702486255122e-05,
    2.714480406590546e-05,
    2.6569172979498048e-05,
    2.59480809799501e-05,
    2.5283979233633896e-05,
    2.457948864674291e-05,
    2.3837389521772475e-05
  ]
}