{
  "train_loss": [
    0.2807744571861501,
    0.142386047829253,
    0.13495124818291515,
    0.1289801716726894,
    0.12483670742949471,
    0.11874197877477854,
    0.11514504151030754,
    0.11219207604881376,
    0.10982981033157557,
    0.10704544615388538,
    0.1044399812235497,
    0.10341951547889039,
    0.10035654033223788,
    0.09901160406298004,
    0.09686878013114135,
    0.09576620724207412
  ],
  "val_loss": [
    0.14094506887098154,
    0.12620803713798523,
    0.1199995110121866,
    0.11400810861960053,
    0.10982919142891963,
    0.10487372226392229,
    0.10149618486563365,
    0.0990163382763664,
    0.09804346039891243,
    0.09473861598720153,
    0.09277813897157709,
    0.09026745085914929,
    0.08841162671645482,
    0.08763282544290026,
    0.08650355475644271,
    0.08465780550614
  ],
  "val_auroc": [
    NaN,
    NaN,
    NaN,
    NaN,
    NaN,
    NaN,
    NaN,
    NaN,
    NaN,
    NaN,
    NaN,
    NaN,
    NaN,
    NaN,
    NaN,
    NaN
  ],
  "learning_rate": [
    2.9999999999999997e-05,
    2.9970499590002657e-05,
    2.9882114784651442e-05,
    2.9735194398393896e-05,
    2.9530318258873032e-05,
    2.9268294918612543e-05,
    2.8950158464029356e-05,
    2.857716443436699e-05,
    2.8150784866655758e-05,
    2.7672702486255122e-05,
    2.714480406590546e-05,
    2.6569172979498048e-05,
    2.59480809799501e-05,
    2.5283979233633896e-05,
    2.457948864674291e-05,
    2.3837389521772475e-05
  ]
}