{
  "train_loss": [
    0.2899446717152993,
    0.14098576456308365,
    0.13515554772069058,
    0.1284488972160034,
    0.12327769375406206,
    0.11949770971356581,
    0.11649754893733189,
    0.11101038998458534,
    0.11069613569028054,
    0.10671592587217067,
    0.10560998910417159,
    0.10144354915246367,
    0.10043589283789818,
    0.0972661209331515,
    0.09530377911869437,
    0.09440917056053877
  ],
  "val_loss": [
    0.14097358441601196,
    0.12563438046102723,
    0.11795915771896641,
    0.11328078045820196,
    0.10920174357791741,
    0.10402860088894765,
    0.10045463809122641,
    0.09810326698546608,
    0.09514863742515445,
    0.0953181489991645,
    0.09103127600004275,
    0.0892454298834006,
    0.08695658886184295,
    0.08569255378097296,
    0.08501374954357743,
    0.08324659382924438
  ],
  "val_auroc": [
    NaN,
    NaN,
    NaN,
    NaN,
    NaN,
    NaN,
    NaN,
    NaN,
    NaN,
    NaN,
    NaN,
    NaN,
    NaN,
    NaN,
    NaN,
    NaN
  ],
  "learning_rate": [
    2.9999999999999997e-05,
    2.9970499590002657e-05,
    2.9882114784651442e-05,
    2.9735194398393896e-05,
    2.9530318258873032e-05,
    2.9268294918612543e-05,
    2.8950158464029356e-05,
    2.857716443436699e-05,
    2.8150784866655758e-05,
    2.7672702486255122e-05,
    2.714480406590546e-05,
    2.6569172979498048e-05,
    2.59480809799501e-05,
    2.5283979233633896e-05,
    2.457948864674291e-05,
    2.3837389521772475e-05
  ]
}