{
  "train_loss": [
    0.33682713595529395,
    0.15389094001147896,
    0.13377579961282512,
    0.1261787925225993,
    0.12060815718723461,
    0.1169402821493956,
    0.11279047168015192,
    0.10855001971746485,
    0.10591215904181202,
    0.10411492125907292,
    0.10041293342753004,
    0.09946583630517125,
    0.09773463426002611,
    0.09555002111786355,
    0.09336017577637297,
    0.09212592537126814
  ],
  "val_loss": [
    0.18899876779566208,
    0.13922122803827128,
    0.12643688699851433,
    0.1153017698476712,
    0.10908003896474838,
    0.10494426063572367,
    0.10152489490186174,
    0.09834416070953012,
    0.09418040948609512,
    0.09226115824033816,
    0.09169620849813025,
    0.08939218133067091,
    0.08730884486188491,
    0.08578107474992673,
    0.08543921494856477,
    0.08422401268035173
  ],
  "val_auroc": [
    NaN,
    NaN,
    NaN,
    NaN,
    NaN,
    NaN,
    NaN,
    NaN,
    NaN,
    NaN,
    NaN,
    NaN,
    NaN,
    NaN,
    NaN,
    NaN
  ],
  "learning_rate": [
    2.9999999999999997e-05,
    2.9970499590002657e-05,
    2.9882114784651442e-05,
    2.9735194398393896e-05,
    2.9530318258873032e-05,
    2.9268294918612543e-05,
    2.8950158464029356e-05,
    2.857716443436699e-05,
    2.8150784866655758e-05,
    2.7672702486255122e-05,
    2.714480406590546e-05,
    2.6569172979498048e-05,
    2.59480809799501e-05,
    2.5283979233633896e-05,
    2.457948864674291e-05,
    2.3837389521772475e-05
  ]
}