{
  "train_loss": [
    0.28450513483646017,
    0.1428791411453858,
    0.1328788104777535,
    0.12698575668036938,
    0.12298209825530648,
    0.11758576853511234,
    0.11390965319393824,
    0.10855718735062207,
    0.10658969150002424,
    0.10415472357999533,
    0.10279011553696667,
    0.09921864290178443,
    0.09699852780128519,
    0.09746341153125589,
    0.0952750252132925,
    0.09290946604839216,
    0.09317237336654216,
    0.09088268750929274,
    0.08956737061574434,
    0.0876649104563209,
    0.08720769622595981,
    0.08483123192369628,
    0.08549084801537295,
    0.08450725781343256,
    0.08154844287976933,
    0.08194735469684626,
    0.08089640754042193,
    0.07951892048974211,
    0.08123102454313387,
    0.08003974962048233,
    0.07896395402106766,
    0.07965050377727796,
    0.07779809141842027,
    0.07763203783542849,
    0.0785430878167972,
    0.07699848979245871,
    0.07616951412637718,
    0.07719070792275791,
    0.07489460423433532,
    0.07619679150714849,
    0.0755467464235456,
    0.07542874446759622,
    0.07613759208470583,
    0.07516089637647383,
    0.0749856856224748,
    0.07442115481050375,
    0.07550279085990041,
    0.07528247945204687,
    0.07446410039362188,
    0.07490974160221715
  ],
  "val_loss": [
    0.14711636397987604,
    0.13351862536122402,
    0.12493183370679617,
    0.11756651227672894,
    0.11320677772164345,
    0.11059456272050738,
    0.10638070137550433,
    0.10350988681117694,
    0.10192105484505494,
    0.10032216676821311,
    0.0969788256722192,
    0.09601913796116908,
    0.09427506818125646,
    0.09208155563101172,
    0.09126775478944182,
    0.08926457182193796,
    0.08913492830470204,
    0.08872333929563563,
    0.0878583057783544,
    0.08756001588578026,
    0.08552787142495315,
    0.08461575939630468,
    0.08411368230978648,
    0.08371868232885997,
    0.08407933187360565,
    0.08192931705464919,
    0.08190008082116644,
    0.08199684725453456,
    0.08229109567279617,
    0.08051347639411688,
    0.08061678831775983,
    0.07991615651796262,
    0.08017365929360191,
    0.08035760062436263,
    0.08010596005866925,
    0.07918830992033084,
    0.07968317593137424,
    0.0792094748467207,
    0.07911412511020899,
    0.07842499436810613,
    0.07880950641507904,
    0.07814824053396781,
    0.07868003007024527,
    0.07906529043490688,
    0.07885656738653779,
    0.07935058247918884,
    0.07943806191906333,
    0.07866019879778226,
    0.07901170803233981,
    0.07833616668358445
  ],
  "val_auroc": [
    0.5022600789896094,
    0.5700949766015163,
    0.6066997443169703,
    0.6591666705302679,
    0.6953586952509538,
    0.7112617926315694,
    0.7388881108540758,
    0.7507936361220152,
    0.7702308908507315,
    0.7960262818555639,
    0.8027653066350032,
    0.8083708510820379,
    0.8273631052366107,
    0.8506031011242933,
    0.8525380697860777,
    0.8545485439256686,
    0.8560561251562396,
    0.8588180410437326,
    0.8617009395961518,
    0.8697435586184751,
    0.867858955488449,
    0.8720705313445078,
    0.8739787760868836,
    0.8729350272738299,
    0.8760435845723404,
    0.8753596484165966,
    0.8776114034128432,
    0.8774569490076014,
    0.8779176604470548,
    0.881341675788913,
    0.8851410777566693,
    0.8840733321545712,
    0.8869671112769097,
    0.8842830016013962,
    0.8870689117260874,
    0.8868206464492091,
    0.8877884758388603,
    0.886045068129349,
    0.8883757945939552,
    0.886770422321844,
    0.886082138577124,
    0.889856841326274,
    0.8882083556626704,
    0.8858346388204743,
    0.8863410917742579,
    0.8866875557172084,
    0.8894193030308185,
    0.8866771731727425,
    0.8942987601327586,
    0.8894319049625706
  ],
  "learning_rate": [
    2.9999999999999997e-05,
    2.9970499590002657e-05,
    2.9882114784651442e-05,
    2.9735194398393896e-05,
    2.9530318258873032e-05,
    2.9268294918612543e-05,
    2.8950158464029356e-05,
    2.857716443436699e-05,
    2.8150784866655758e-05,
    2.7672702486255122e-05,
    2.714480406590546e-05,
    2.6569172979498048e-05,
    2.59480809799501e-05,
    2.5283979233633896e-05,
    2.457948864674291e-05,
    2.3837389521772475e-05,
    2.3060610584935994e-05,
    2.225221742782064e-05,
    2.1415400408897835e-05,
    2.0553462062635937e-05,
    1.9669804065905462e-05,
    1.8767913813114576e-05,
    1.7851350653056585e-05,
    1.692373184178635e-05,
    1.5988718266963234e-05,
    1.505e-05,
    1.4111281733036766e-05,
    1.3176268158213652e-05,
    1.2248649346943417e-05,
    1.133208618688542e-05,
    1.0430195934094541e-05,
    9.546537937364068e-06,
    8.684599591102165e-06,
    7.847782572179355e-06,
    7.039389415063996e-06,
    6.2626104782275275e-06,
    5.520511353257088e-06,
    4.816020766366103e-06,
    4.1519190200499e-06,
    3.530827020501952e-06,
    2.955195934094537e-06,
    2.4272975137448776e-06,
    1.9492151333442393e-06,
    1.5228355656330104e-06,
    1.1498415359706421e-06,
    8.317050813874547e-07,
    5.69681741126967e-07,
    3.648056016061036e-07,
    2.178852153485574e-07,
    1.2950040999734018e-07
  ]
}