{
  "train_loss": [
    0.27038673699523014,
    0.14340131807451448,
    0.13446186222912124,
    0.12905789415041605,
    0.12163447961211205,
    0.11840038364365076,
    0.11452440911671147,
    0.1111180189376076,
    0.10763722320552915,
    0.1048977251436251,
    0.10368909824561949,
    0.09974304807838053,
    0.09975498895316075,
    0.09851580470179518,
    0.0944309015176259,
    0.09394606823722522
  ],
  "val_loss": [
    0.13939253147691488,
    0.1249638651497662,
    0.11875419691205025,
    0.113366916620483,
    0.10759428112457196,
    0.10464636624480288,
    0.099336343506972,
    0.09813120868057013,
    0.09446028930445512,
    0.0926992177652816,
    0.0921837476392587,
    0.09142192748064797,
    0.08911497378721833,
    0.08676193157831828,
    0.08621617608393232,
    0.08403440456216534
  ],
  "val_auroc": [
    NaN,
    NaN,
    NaN,
    NaN,
    NaN,
    NaN,
    NaN,
    NaN,
    NaN,
    NaN,
    NaN,
    NaN,
    NaN,
    NaN,
    NaN,
    NaN
  ],
  "learning_rate": [
    2.9999999999999997e-05,
    2.9970499590002657e-05,
    2.9882114784651442e-05,
    2.9735194398393896e-05,
    2.9530318258873032e-05,
    2.9268294918612543e-05,
    2.8950158464029356e-05,
    2.857716443436699e-05,
    2.8150784866655758e-05,
    2.7672702486255122e-05,
    2.714480406590546e-05,
    2.6569172979498048e-05,
    2.59480809799501e-05,
    2.5283979233633896e-05,
    2.457948864674291e-05,
    2.3837389521772475e-05
  ]
}