{
  "train_loss": [
    0.2791626979984964,
    0.141644117461207,
    0.13250236546931168,
    0.12685946377071863,
    0.12238442408852279,
    0.11801505639838676,
    0.114503064910726,
    0.11086506836970027,
    0.10731194046093151,
    0.1046513333179367,
    0.1014019325375557,
    0.09809153688062604,
    0.09906000153083976,
    0.09611017132798831,
    0.09515745132618274,
    0.09261747286655009
  ],
  "val_loss": [
    0.1477244816099604,
    0.13401865928123394,
    0.12785445883249244,
    0.12079481237257521,
    0.11646434261153142,
    0.11108628784616788,
    0.10610275971703231,
    0.10384179729347427,
    0.10033729804369311,
    0.0985628148385634,
    0.09611793677322567,
    0.09445978856335084,
    0.0921300226667275,
    0.09155499554860096,
    0.0895442624265949,
    0.08816055736194055
  ],
  "val_auroc": [
    NaN,
    NaN,
    NaN,
    NaN,
    NaN,
    NaN,
    NaN,
    NaN,
    NaN,
    NaN,
    NaN,
    NaN,
    NaN,
    NaN,
    NaN,
    NaN
  ],
  "learning_rate": [
    2.9999999999999997e-05,
    2.9970499590002657e-05,
    2.9882114784651442e-05,
    2.9735194398393896e-05,
    2.9530318258873032e-05,
    2.9268294918612543e-05,
    2.8950158464029356e-05,
    2.857716443436699e-05,
    2.8150784866655758e-05,
    2.7672702486255122e-05,
    2.714480406590546e-05,
    2.6569172979498048e-05,
    2.59480809799501e-05,
    2.5283979233633896e-05,
    2.457948864674291e-05,
    2.3837389521772475e-05
  ]
}