{
  "train_loss": [
    0.33056197385303676,
    0.1504956220354264,
    0.13112295863296217,
    0.12406011026663084,
    0.11910619580885395,
    0.11385914786175515,
    0.11127535527339205,
    0.1070039989038681,
    0.1049022915152212,
    0.10170731703207518,
    0.1000755262017871,
    0.09763862904704486,
    0.09599773913699512,
    0.09426491022653256,
    0.09247219571261667,
    0.0917620985225464,
    0.08950203635807459,
    0.088861320555831,
    0.08731271638923015,
    0.0866059894906357,
    0.08664090213521074,
    0.08378195523982868,
    0.08384989754995331,
    0.08392779017837408,
    0.08090641060456012,
    0.0824005193329261,
    0.08018400838288169,
    0.08012311657269795,
    0.0804181921412237,
    0.07970678278555472,
    0.07832649638294242,
    0.07893892884991753,
    0.07800583976010482,
    0.07687439231085591,
    0.07493053275781374,
    0.07885382320576657,
    0.07555186250829138,
    0.07711157570399034,
    0.07566050029709004,
    0.07584154834815611,
    0.07474564381603462,
    0.07547767265350558,
    0.07465066417353228,
    0.0747566251278234,
    0.07675519873737358,
    0.07474261175957508,
    0.07626056935987435,
    0.07611259878225003,
    0.07515243174081358,
    0.07582308634300716
  ],
  "val_loss": [
    0.20078247288862863,
    0.14733260994156203,
    0.13059750696023306,
    0.12135739872852962,
    0.11719854051868121,
    0.11188359744846821,
    0.10823964839801192,
    0.1036960060397784,
    0.10059113117555778,
    0.09849910267318289,
    0.09615493705496192,
    0.09342992926637332,
    0.09205174399539828,
    0.09170273908724387,
    0.08939837229748566,
    0.08826595249896248,
    0.08712540660053492,
    0.08587798941880465,
    0.08462110022082925,
    0.08417134794096152,
    0.08355456528564294,
    0.08349800094341238,
    0.083111265519013,
    0.08314834783474605,
    0.08150970827167232,
    0.08204733471696575,
    0.08249978922928373,
    0.08111884196599324,
    0.08047464691723387,
    0.08023565107335646,
    0.07881028251722455,
    0.07964223080004255,
    0.08038699797665079,
    0.08003709061692159,
    0.07972878248741229,
    0.08014219952747226,
    0.07901565559829275,
    0.07906484852234523,
    0.07955245161429048,
    0.07906755975758036,
    0.07842873021339376,
    0.07889172155410051,
    0.07856263344486554,
    0.07940172543749213,
    0.07902471736694376,
    0.07864514272660017,
    0.07909225843225916,
    0.0776734258979559,
    0.07806462918718655,
    0.0796639914624393
  ],
  "val_auroc": [
    0.6003233009412157,
    0.6583599935362051,
    0.6904950380183882,
    0.7201694638708916,
    0.7383122222059296,
    0.7633722304885594,
    0.7754848738733494,
    0.7971243770425266,
    0.8108268318054707,
    0.8240109448758807,
    0.8229444424559126,
    0.8390252901468364,
    0.8462909399063413,
    0.8457797824173163,
    0.860563727840266,
    0.8536045519780354,
    0.8626389505063784,
    0.865163099423841,
    0.8663354130990344,
    0.8682643144347891,
    0.8737629378653113,
    0.875054479166373,
    0.8805189613622985,
    0.879833648257244,
    0.8790436006174422,
    0.8754766292594404,
    0.8794951456181271,
    0.8823130879161362,
    0.8800175434017213,
    0.8819331756515524,
    0.8835147422035441,
    0.8836852332633249,
    0.8818405542615594,
    0.8805019335428405,
    0.8882063109545764,
    0.8867925822081829,
    0.8869933357231042,
    0.8833982946887924,
    0.8874654630640121,
    0.8872937172456825,
    0.8878224228027294,
    0.8845305827678384,
    0.8875285317071598,
    0.8838529198541961,
    0.8864164321266583,
    0.8917121284741524,
    0.8904807348012744,
    0.8907812261490166,
    0.8875041245069477,
    0.8826395346119253
  ],
  "learning_rate": [
    2.9999999999999997e-05,
    2.9970499590002657e-05,
    2.9882114784651442e-05,
    2.9735194398393896e-05,
    2.9530318258873032e-05,
    2.9268294918612543e-05,
    2.8950158464029356e-05,
    2.857716443436699e-05,
    2.8150784866655758e-05,
    2.7672702486255122e-05,
    2.714480406590546e-05,
    2.6569172979498048e-05,
    2.59480809799501e-05,
    2.5283979233633896e-05,
    2.457948864674291e-05,
    2.3837389521772475e-05,
    2.3060610584935994e-05,
    2.225221742782064e-05,
    2.1415400408897835e-05,
    2.0553462062635937e-05,
    1.9669804065905462e-05,
    1.8767913813114576e-05,
    1.7851350653056585e-05,
    1.692373184178635e-05,
    1.5988718266963234e-05,
    1.505e-05,
    1.4111281733036766e-05,
    1.3176268158213652e-05,
    1.2248649346943417e-05,
    1.133208618688542e-05,
    1.0430195934094541e-05,
    9.546537937364068e-06,
    8.684599591102165e-06,
    7.847782572179355e-06,
    7.039389415063996e-06,
    6.2626104782275275e-06,
    5.520511353257088e-06,
    4.816020766366103e-06,
    4.1519190200499e-06,
    3.530827020501952e-06,
    2.955195934094537e-06,
    2.4272975137448776e-06,
    1.9492151333442393e-06,
    1.5228355656330104e-06,
    1.1498415359706421e-06,
    8.317050813874547e-07,
    5.69681741126967e-07,
    3.648056016061036e-07,
    2.178852153485574e-07,
    1.2950040999734018e-07
  ]
}