{
  "train_loss": [
    0.26773433953834075,
    0.1404883204959333,
    0.13416573213180527,
    0.1276524787535891,
    0.12263177172280848,
    0.11944594451536734,
    0.11634712495530646,
    0.11219222507982825,
    0.10941583667105685,
    0.10736711755938207,
    0.10342374195655187,
    0.10301404328977999,
    0.10038502225264286,
    0.09794809527617569,
    0.09556419035652652,
    0.09519305779637459
  ],
  "val_loss": [
    0.1409746172527472,
    0.12803298436726132,
    0.11916560276101033,
    0.11469235131517053,
    0.11462775253069897,
    0.10727048261711995,
    0.10224300002058347,
    0.10000198769072692,
    0.09662647553098698,
    0.0944409379735589,
    0.09125469283511241,
    0.08914805242481331,
    0.08968913819019993,
    0.08598977102277179,
    0.08585966347406308,
    0.08385995938442647
  ],
  "val_auroc": [
    NaN,
    NaN,
    NaN,
    NaN,
    NaN,
    NaN,
    NaN,
    NaN,
    NaN,
    NaN,
    NaN,
    NaN,
    NaN,
    NaN,
    NaN,
    NaN
  ],
  "learning_rate": [
    2.9999999999999997e-05,
    2.9970499590002657e-05,
    2.9882114784651442e-05,
    2.9735194398393896e-05,
    2.9530318258873032e-05,
    2.9268294918612543e-05,
    2.8950158464029356e-05,
    2.857716443436699e-05,
    2.8150784866655758e-05,
    2.7672702486255122e-05,
    2.714480406590546e-05,
    2.6569172979498048e-05,
    2.59480809799501e-05,
    2.5283979233633896e-05,
    2.457948864674291e-05,
    2.3837389521772475e-05
  ]
}