{
  "train_loss": [
    0.3462199664209038,
    0.15415656326028207,
    0.13420667146177342,
    0.12627880917474008,
    0.12027145949347566,
    0.11767489016832162,
    0.11355110098763059,
    0.11013972231497367,
    0.10641443215232964,
    0.10353975655743852,
    0.10167630831710994,
    0.09981755885140349,
    0.09906471706926823,
    0.09754289550861965,
    0.09591523928490157,
    0.09431947961760064
  ],
  "val_loss": [
    0.19315426455189785,
    0.1364238429814577,
    0.12531128758564591,
    0.1160959565701584,
    0.10998512571677566,
    0.10621596189836661,
    0.10145811395098765,
    0.09885132157554229,
    0.09526221236834924,
    0.09416037037347753,
    0.09103588635722797,
    0.08873173718651135,
    0.08655288132528464,
    0.08525373010585706,
    0.0847484739497304,
    0.0821117926388979
  ],
  "val_auroc": [
    NaN,
    NaN,
    NaN,
    NaN,
    NaN,
    NaN,
    NaN,
    NaN,
    NaN,
    NaN,
    NaN,
    NaN,
    NaN,
    NaN,
    NaN,
    NaN
  ],
  "learning_rate": [
    2.9999999999999997e-05,
    2.9970499590002657e-05,
    2.9882114784651442e-05,
    2.9735194398393896e-05,
    2.9530318258873032e-05,
    2.9268294918612543e-05,
    2.8950158464029356e-05,
    2.857716443436699e-05,
    2.8150784866655758e-05,
    2.7672702486255122e-05,
    2.714480406590546e-05,
    2.6569172979498048e-05,
    2.59480809799501e-05,
    2.5283979233633896e-05,
    2.457948864674291e-05,
    2.3837389521772475e-05
  ]
}