{
  "train_loss": [
    0.2660865601307402,
    0.14098005555570126,
    0.13450919778551906,
    0.12845106857518354,
    0.12346954888198525,
    0.11777693287391837,
    0.11437610536813736,
    0.11089499182223032,
    0.1076906577606375,
    0.10620739660225809,
    0.10353365678262587,
    0.10167654178803787,
    0.09996571038694431,
    0.09712414331928206,
    0.09615057906679188,
    0.09455705783329904
  ],
  "val_loss": [
    0.13903527179112038,
    0.12593964813277125,
    0.11870968838532765,
    0.11334181235482295,
    0.1086875122661392,
    0.10506394288192193,
    0.10080735742424925,
    0.09861655036608379,
    0.09567203186452389,
    0.09366591243694226,
    0.0913851020547251,
    0.09018054930493236,
    0.08812859545772274,
    0.08659962238743901,
    0.08535035032158096,
    0.08428187916676204
  ],
  "val_auroc": [
    NaN,
    NaN,
    NaN,
    NaN,
    NaN,
    NaN,
    NaN,
    NaN,
    NaN,
    NaN,
    NaN,
    NaN,
    NaN,
    NaN,
    NaN,
    NaN
  ],
  "learning_rate": [
    2.9999999999999997e-05,
    2.9970499590002657e-05,
    2.9882114784651442e-05,
    2.9735194398393896e-05,
    2.9530318258873032e-05,
    2.9268294918612543e-05,
    2.8950158464029356e-05,
    2.857716443436699e-05,
    2.8150784866655758e-05,
    2.7672702486255122e-05,
    2.714480406590546e-05,
    2.6569172979498048e-05,
    2.59480809799501e-05,
    2.5283979233633896e-05,
    2.457948864674291e-05,
    2.3837389521772475e-05
  ]
}