{
  "train_loss": [
    0.2805871388409287,
    0.14275774895213544,
    0.13601365844563892,
    0.1292695264176776,
    0.12545914583218595,
    0.12180502256766583,
    0.11699893531234314,
    0.11179513074845697,
    0.10891675128368661,
    0.10698164774415393,
    0.10447539243614301,
    0.10145208676112816,
    0.10171652736607939,
    0.10014847175140555,
    0.09685190995999922,
    0.09390999778406695
  ],
  "val_loss": [
    0.14058480287591615,
    0.1255641564105948,
    0.11736975920697053,
    0.11156007212897141,
    0.10805715387687087,
    0.10430779028683901,
    0.10046872263774276,
    0.09771099034696817,
    0.09571275906637311,
    0.09280707826837897,
    0.0919481092132628,
    0.08930005319416523,
    0.08930700148145358,
    0.08699035365134478,
    0.08611514791846275,
    0.08451544772833586
  ],
  "val_auroc": [
    NaN,
    NaN,
    NaN,
    NaN,
    NaN,
    NaN,
    NaN,
    NaN,
    NaN,
    NaN,
    NaN,
    NaN,
    NaN,
    NaN,
    NaN,
    NaN
  ],
  "learning_rate": [
    2.9999999999999997e-05,
    2.9970499590002657e-05,
    2.9882114784651442e-05,
    2.9735194398393896e-05,
    2.9530318258873032e-05,
    2.9268294918612543e-05,
    2.8950158464029356e-05,
    2.857716443436699e-05,
    2.8150784866655758e-05,
    2.7672702486255122e-05,
    2.714480406590546e-05,
    2.6569172979498048e-05,
    2.59480809799501e-05,
    2.5283979233633896e-05,
    2.457948864674291e-05,
    2.3837389521772475e-05
  ]
}