{
  "train_loss": [
    0.3388235850725323,
    0.1540904096715773,
    0.13365440726435432,
    0.12663744178522998,
    0.12216404965147376,
    0.11727190310678755,
    0.11380774209586282,
    0.10989947663620114,
    0.10672872088616714,
    0.10599322595711176,
    0.10217970691155642,
    0.10155305912485346,
    0.09761153196450323,
    0.09771403222111985,
    0.09597895242040977,
    0.09583586438869436
  ],
  "val_loss": [
    0.1893770635748903,
    0.14738498131434122,
    0.12904715910553932,
    0.11870543798431754,
    0.10995297925546765,
    0.10709369089454412,
    0.09969595943888028,
    0.0975336271027724,
    0.09431867976672947,
    0.09111153652581076,
    0.0890179524042954,
    0.08574325117903452,
    0.08461352833546698,
    0.08402293974844117,
    0.0833858671442916,
    0.08195007010363042
  ],
  "val_auroc": [
    NaN,
    NaN,
    NaN,
    NaN,
    NaN,
    NaN,
    NaN,
    NaN,
    NaN,
    NaN,
    NaN,
    NaN,
    NaN,
    NaN,
    NaN,
    NaN
  ],
  "learning_rate": [
    2.9999999999999997e-05,
    2.9970499590002657e-05,
    2.9882114784651442e-05,
    2.9735194398393896e-05,
    2.9530318258873032e-05,
    2.9268294918612543e-05,
    2.8950158464029356e-05,
    2.857716443436699e-05,
    2.8150784866655758e-05,
    2.7672702486255122e-05,
    2.714480406590546e-05,
    2.6569172979498048e-05,
    2.59480809799501e-05,
    2.5283979233633896e-05,
    2.457948864674291e-05,
    2.3837389521772475e-05
  ]
}