{
  "train_loss": [
    0.3367768443034341,
    0.15213686922409883,
    0.131429250119254,
    0.12444593999922897,
    0.11901170546965052,
    0.11477527643243472,
    0.11180076961560796,
    0.10855896464393784,
    0.1065916166213962,
    0.10184357121276359,
    0.10267041677919526,
    0.09809422236867249,
    0.09621560915062825,
    0.09552433351442839,
    0.09368987105942021,
    0.09210675591020845
  ],
  "val_loss": [
    0.19935492519289255,
    0.1522645065560937,
    0.13594114314764738,
    0.12381327043597896,
    0.11595150921493769,
    0.10952243208885193,
    0.1041172215094169,
    0.10269696948428948,
    0.09867905359715223,
    0.09686617366969585,
    0.09547308816884954,
    0.09278838631386559,
    0.0913380909866343,
    0.08977320037471752,
    0.08760100998915732,
    0.08688835140007238
  ],
  "val_auroc": [
    NaN,
    NaN,
    NaN,
    NaN,
    NaN,
    NaN,
    NaN,
    NaN,
    NaN,
    NaN,
    NaN,
    NaN,
    NaN,
    NaN,
    NaN,
    NaN
  ],
  "learning_rate": [
    2.9999999999999997e-05,
    2.9970499590002657e-05,
    2.9882114784651442e-05,
    2.9735194398393896e-05,
    2.9530318258873032e-05,
    2.9268294918612543e-05,
    2.8950158464029356e-05,
    2.857716443436699e-05,
    2.8150784866655758e-05,
    2.7672702486255122e-05,
    2.714480406590546e-05,
    2.6569172979498048e-05,
    2.59480809799501e-05,
    2.5283979233633896e-05,
    2.457948864674291e-05,
    2.3837389521772475e-05
  ]
}